url,title,meta_description,h1,primary_intent
/,Rush No More RV Resort & Campground — Sturgis SD | Near Mount Rushmore,"RV park, presidential cabins & tent camping in Sturgis, South Dakota — the Black Hills basecamp for Mount Rushmore, Deadwood, Spearfish Canyon & the Sturgis Motorcycle Rally.",Rush No More RV Resort & Campground,Branded + Sturgis campground intent
/stay,Stay Near Mount Rushmore — RV Sites from $41 Cabins from $51 Tent from $35,"Book your Black Hills vacation — 200+ full-hookup RV sites, 16 presidential cabins, tent camping under Ponderosa pines. Heated pool, hot tubs, beer garden.",Choose Your Black Hills Stay,Accommodation overview
/stay/rv-sites,RV Park Near Mount Rushmore — 200+ Full Hookup Sites from $41/Night,"200+ full-hookup RV sites near Mount Rushmore. 30/50 AMP, pull-throughs up to 100ft, luxury sites with cement slabs & gas BBQ, luxury spa with private hot tub.",Full-Hookup RV Sites in the Black Hills,RV park intent
/stay/cabins,Cabins Near Mount Rushmore — 16 Presidential Cabins from $51/Night,"16 unique presidential cabins. Sleep 2–10 guests. Full kitchens, A/C, private bathrooms. Named after US Presidents.",Presidential Cabins in the Black Hills,Cabin intent
/stay/tent-camping,Tent Camping Near Mount Rushmore — Shaded Sites from $35/Night,"Tent camping under Ponderosa pines. 20+ spacious sites — 15 with 20 AMP electric hookup. Modern bathhouses, pool, hot tubs included.",Tent Camping Under the Pines,Tent camping intent
/sturgis-rally-camping,Sturgis Rally Camping 2026 — RV Cabins & Tent Sites 5 mi from Main Street,"Book your 2026 Sturgis Rally stay. Rally RV sites from $899/10 days, cabins, tent camping. Beer garden, pool, bike wash. 10+ years as rally HQ.",Sturgis Rally Camping 2026,Rally intent
/rally-rates,Sturgis Rally Rates 2026 — RV Cabin & Tent Pricing,"2026 Sturgis Motorcycle Rally rates. Standard 30A RV from $899/10 nights, luxury from $1499, luxury spa $2499. Pre-rally rates from $399.",Sturgis Rally Rates 2026,Rally pricing intent
/weddings-groups,Weddings Reunions & Group Events — Black Hills Venue in Sturgis SD,"Host weddings, reunions, corporate retreats at Rush No More. Pavilion for 20–200 guests, commercial kitchen, on-site cabins, RV sites and tent camping.",Weddings Reunions & Group Events,Groups intent
/monthly-rv-sites,Monthly RV Sites in Sturgis SD — Long-Term Rates Near Mount Rushmore,"Long-term and monthly RV sites. Full hookups, 30/50 AMP, big-rig pull-throughs. Quiet Black Hills setting 5 mi from Sturgis.",Monthly RV Sites in Sturgis SD,Extended stay intent
/amenities,16 Free Amenities — Pool Hot Tubs Beer Garden Game Room & More,"16 free resort amenities — no resort fees ever. Heated pool, hot tub spas, beer garden, game room, nature trails, modern bathhouses, Wi-Fi, 24/7 gated security.",Everything for the Perfect Stay,Amenities / differentiator intent
/explore,Things to Do Near Mount Rushmore — Black Hills Attractions & 6-Day Itinerary,"Explore 9 top Black Hills attractions from Rush No More: Mount Rushmore, Deadwood, Crazy Horse, Custer State Park, Spearfish Canyon, Needles Highway.",Gateway to the Black Hills,Attraction hub intent
/events,Sturgis Rally Campground 2026 — RV Sites Cabins & Tent Camping,"Book your Sturgis Rally 2026 campsite. Dakota Rods & Classics Car Show September 12. Weddings and groups for 20–200 guests.",Events at Rush No More,Events hub
/black-hills-itinerary,6-Day Black Hills Itinerary — Mount Rushmore Deadwood Spearfish Canyon,"Complete 6-day Black Hills plan covering Mount Rushmore, Deadwood, Spearfish Canyon, Crazy Horse, Custer State Park and Needles Highway.",The Complete Black Hills Itinerary,Itinerary / trip planning intent
/best-motorcycle-rides-near-sturgis,Best Motorcycle Rides Near Sturgis — Needles Iron Mountain & Spearfish,"Classic Black Hills rides from Sturgis — Needles Highway, Iron Mountain Road, Spearfish Canyon, Boulder Canyon, Vanocker Canyon and Badlands Loop.",Best Motorcycle Rides Near Sturgis,Rider intent
/deadwood-day-trip,Deadwood Day Trip from Sturgis — Casinos Gold Mines & Wild West History,"Complete Deadwood day-trip guide — 12 miles and 15 minutes from camp. 80+ gaming halls, Adams Museum, Broken Boot gold panning, Mt. Moriah Cemetery.",Deadwood Day Trip from Sturgis,Attraction guide
/spearfish-canyon-guide,Spearfish Canyon Guide — Waterfalls Fly Fishing & Fall Foliage,"Spearfish Canyon Scenic Byway guide. Bridal Veil Falls, Roughlock Falls, Spearfish Creek fly fishing and 20-mile limestone-walled byway.",Spearfish Canyon Scenic Byway,Attraction guide
/needles-highway-guide,Needles Highway Guide (SD-87) — Granite Spires Tunnels & the Needles Eye,"Needles Highway guide — 14 miles of granite spires, narrow one-lane tunnels and the iconic Needles Eye in Custer State Park. Tunnel dimensions and RV restrictions.",Needles Highway Guide (SD-87),Rides / attraction guide
/iron-mountain-road-guide,Iron Mountain Road Guide (US-16A) — Pigtail Bridges & Framed Rushmore Views,"Iron Mountain Road guide — 17 miles of pigtail bridges and three tunnels that frame Mount Rushmore through the granite. Route and tunnel sizes.",Iron Mountain Road Guide (US-16A),Rides / attraction guide
/map,Campground Map & Directions — I-90 Exit 37 Sturgis SD,"Interactive map of Rush No More RV Resort. View RV sites, cabins, tent areas, pool, beer garden. Directions: I-90 Exit 37 — under 2 minutes from interstate.",Campground Map & Directions,Local / navigation intent
/about,About Rush No More — 4.8-star Award-Winning Campground Near Mount Rushmore,"Rush No More — 4.8-star with 420+ reviews. Family-owned since 2014. 200+ RV sites, 16 presidential cabins, shaded tent camping. Sturgis Rally HQ.",About Rush No More,Branded / trust intent
/contact,Contact Us — Phone 605-423-2545 Email & Directions | Rush No More,"Call 605-423-2545, email rushnomoresd@gmail.com, or visit 21137 Brimstone Place, Sturgis SD. I-90 Exit 37. Daily 8 AM–5 PM MT.",Contact Rush No More,Contact / conversion
/policies,Campground Rules Cancellation & Pet Policies — Rush No More RV Resort,"Cancellation policies, check-in/check-out times, pet rules, quiet hours, fire rules. Check-in 2 PM, check-out 11 AM. No wood fires — propane and charcoal only.",Campground Policies,Policy / trust
/ada,ADA Accessible Campground Near Mount Rushmore — Wheelchair Friendly,"ADA-compliant RV park. Wheelchair-accessible RV sites, ADA bathhouses, accessible cabins, paved pathways, accessible pool entry.",ADA Accessibility at Rush No More,Accessibility intent
/legal,Legal Notices Privacy Policy & Terms of Use,"Privacy policy, terms of use, cookie policy, data retention and legal notices for Rush No More RV Resort.",Legal Notices,Legal / compliance
